Screen Name,Number of times they tweeted
AllWomenBook,1
BlkManWalking,1
Martiabernathey,1
ScorpGoddess72,1
NotWorkingPhD,1
cheechandchux,1
gretchening,1
YeshaCallahan,1
AsselFiras,1
heatherurehere,3
creatrixtiara,1
HakunaMatatayy,1
ElisandeWalters,2
belladonnagrrl,1
Mechiru99,2
JennMJack,2
robyn_cd,2
xoxojenelle,1
NILEstyle_,1
TweetThruItMyG,7
Lindss_tastic,1
Berly_Brown,1
stargazer_412,5
liblogic,1
divineem,3
DickVijay,1
kaimcn,1
bani_amor,1
faithyerin,1
GallowsHumor7,2
shereenTshafi,1
remyism,1
ljudpetrovic,1
AlliedStylesTK,2
arianakaelyn,1
freethenextgen,1
Skyliting,1
cbRasmussen,1
ProgressiveMews,1
butlikewhatev,1
sanguinesu,1
ClangingBells,1
ArkansasElder,1
stevetsuida,1
weberriver,1
ScarWinterfist,1
tinahorncae,1
mztress_isis,1
JAnaisIon,1
Roqn93,2
SamIRDavies,1
mikecane,2
EscortLosAngele,1
Ravan_A,2
cocoacandies,2
kellycrochets,1
goingprorogue,1
sillyblackgirl,1
cmoraff,1
allissahaines,1
BeingUncosmo,2
curmudgeonylib,1
moonhumor,1
JennieKinPA,2
queenanthai,3
Xenologer,1
CarlieP,1
ProletariatCat,1
UntitledArtist,1
UniqueGoddess19,1
shiraarielle,1
PeterCorkery_Sr,1
tay_gabrielle1,1
brhaspati108,1
IngaNandiwillis,1
alumiere,1
MJKellySmith,1
gilldaniels,1
Sherphisticated,1
SpringaldJack,1
FrancescaLupia,1
kidstrangelove,1
teka21bat,1
CatApocalypse,1
ToriRambles,1
lilrainbowninja,3
TweetThruItMyGe,3
n13gaucho,1
StephS910,1
GreenRodrell,1
abianne,1
Dylawn4,1
theanthonyking,1
rooneyplanet,1
OpinionessWorld,1
2ClassyIone,1
zumikiss,1
SupportSWRights,1
cherly_u_jest,1
9lines2cross,1
djmedusahead,1
Mediterranean_Z,1
MelianJarvis,1
writersyndrome,1
Crow2Daddy2,2
CatsBaril,1
sstolte33,1
princess_hoppie,1
mayawanders,1
bitcolorine,1
BreelynH,1
tdudleypdx,1
equalityfinally,1
actualkhaleesi,1
missnuma,1
omgrey,1
Princessanie,2
urasillylibby,1
DCtwiterati,1
The_WitchyWoman,1
MelissaLDarnell,1
OPSEUSisters,1
ndungemavuti,1
jessiekatestamb,1
TMGijane,1
darkstatistic,3
sionwynlee,1
Milli_SB,1
plaans,1
stovetopss,1
tardisintx,2
Truth_will_rise,5
freyafirst,1
susanbactivist,3
salannaraine,1
melissagraf,1
tuesdaymudds,1
_profliz,1
cyclopsmermaid,1
MelanieAMeadows,1
PayMyRant,2
Untitled_Omen,1
GenShanahan,1
Feministfists,2
wryandrye,1
lnTransit,1
nibrody,1
ConservRachel,1
charlesthomas,1
ProgsToday,1
average_ape,1
CRAYJAY_PEBBLES,1
HallieGammon,2
StacyOnTheRight,1
liars_never_win,1
ElleVeganChiq,1
renaissanceeast,1
theredheadssaid,1
gloryousIy,1
4JackieBrown,1
tristissima,1
AFOdom,1
HoneyBeeWarrior,1
anitamoncrief,1
Karen_Attaway,1
sialia__sialis,1
wtflanksteak,1
ChristophHeer52,1
Ratzaroony,2
Boston_GLASS,4
Yantaku_Pierce,1
MirandaSheax,1
NelsonAJohnson,2
jlcasto,2
lafemmeluna,1
GRavenscraft,1
JackHaynes30,1
amhoffa,1
harmonyverde,1
thesammypark,1
chartman12,1
mewfelicia,1
freefall_mc,1
CreamdeCrop,1
GoTVikingsFan,2
AngryMrBungle,3
nicwcoleman,1
PalavaWoman,2
thefreerifleman,1
RealTalkwithDNE,1
hannza,1
gumbodiva,1
darkPrince010,1
SheldonCPF,1
SaraFiel,1
KroyAnna,1
Emmaa1DOMG,1
JuliePayner,1
chewka,1
Socialawkmedia,1
carreramae,1
evadestruktion,1
hetisjevader88,1
Shenreikuu,1
ruthieoo,1
danusiattacks,1
roger_arnold,1
afteriwasdead,1
averrer,1
Spritebot,1
LNLewis1,1
SonyaWithAWhy,1
AmoxtliEshort,1
JudithElsroad,1
lindarose726,1
iambonafide,1
MotherJustice,1
hotwater4tea,1
CailinMurray1,1
LarindaMedlin,2
ncloonan,1
hechicera_luna,2
_homebizzle,1
JalaalSadaat,2
PearlBLawrence,1
OldCrowNest,1
ashleemalfoy,1
peekydeeky,3
Minimum_Max,1
JamesBonet,1
almosthipsterr,1
bookkats,1
rgnnn,1
RightandIrish,1
dallas90210,1
sctansey,1
keriRN,1
akaDesinique,1
Ebau57,1
ShadowTheReaper,1
garney,1
ageewriter,1
jmalgirmation,1
LisaAnneKiraly,1
danielle_prof,1
sunflwer1975,2
mackysmalls,1
sickslut,1
SeminglyDivine,1
flaming_rainbow,1
DaphneGascot,1
jerrytandiama,1
AnnaEvensta,1
QuotePsychology,1
garciaaaa15,1
tartruffle,1
AllanSchumacher,1
StandAtTheReady,1
THEJPD317,1
EmTheStrange,1
shelbarlow,1
TLW3,1
marscrumbs,2
basinmusic,1
LunaVeg87,1
barrielouise,1
angelajzhou,1
SenseOffense,1
tex_real,1
iBarkBite,1
Taij,1
Sarahndipity44,1
ChandraSBhasker,1
Contrary_Faerie,1
__youreWelcome,1
trulylovely1,1
b4d_c4t,1
tabathanoack,1
whatjoisdoing,1
christoofar215,2
_AndreaUrbanFox,1
femspired,1
Mojostarz,1
Radioactive_DK,1
mystifiedmusing,1
SimoneToulon,1
marchaig,1
llendonmar46,1
StashiaR,1
Rickmayhem,1
FreeNortherner,1
M_Shale,1
danielinraleigh,1
Lyall,1
hawt_choklat,1
happimexi,1
Steph_OSays,2
awmsmn2009,1
MaKhumalo_wethu,1
MatthewAbely,1
Yashashakar12,1
blxxxntz,1
serinblackmoon,1
redmuses,1
Cynical_Bitch_,1
aceramble,1
ThinkPotSeed,1
JoelJHughes,1
AudreyBeerman,1
Greghop2009L,1
MsElizaDivine,2
